year,import_volume_tonnes,import_value_usd_million,domestic_production_tonnes,cultivated_area_ha
2017,6231880,4576.68832,271000,120000
2018,6480820,3991.90977,279000,115000
2019,6634540,3561.00687,255000,105000
2020,6963240,4936.26329,272000,114000
2021,7181020,8317.25420,291000,123000
2022,6645330,8485.64156,305000,129000
2023,7098350,6686.91839,305000,129000
2024,6531900,6461.75007,305000,129000
